"filename", "language", "JavaScript", "CSS", "PHP", "Markdown", "JSON", "XML", "comment", "blank", "total"
"c:\Users\Dell Latitude\Documents\coding_files\restaurant\README.md", "Markdown", 0, 0, 0, 45, 0, 0, 0, 22, 67
"c:\Users\Dell Latitude\Documents\coding_files\restaurant\app\Console\Kernel.php", "PHP", 0, 0, 15, 0, 0, 0, 7, 6, 28
"c:\Users\Dell Latitude\Documents\coding_files\restaurant\app\Exceptions\Handler.php", "PHP", 0, 0, 21, 0, 0, 0, 21, 7, 49
"c:\Users\Dell Latitude\Documents\coding_files\restaurant\app\Http\Controllers\AdminController.php", "PHP", 0, 0, 86, 0, 0, 0, 5, 18, 109
"c:\Users\Dell Latitude\Documents\coding_files\restaurant\app\Http\Controllers\BookingController.php", "PHP", 0, 0, 29, 0, 0, 0, 27, 10, 66
"c:\Users\Dell Latitude\Documents\coding_files\restaurant\app\Http\Controllers\CategoryController.php", "PHP", 0, 0, 68, 0, 0, 0, 24, 18, 110
"c:\Users\Dell Latitude\Documents\coding_files\restaurant\app\Http\Controllers\Controller.php", "PHP", 0, 0, 9, 0, 0, 0, 0, 4, 13
"c:\Users\Dell Latitude\Documents\coding_files\restaurant\app\Http\Controllers\CustomerController.php", "PHP", 0, 0, 29, 0, 0, 0, 27, 10, 66
"c:\Users\Dell Latitude\Documents\coding_files\restaurant\app\Http\Controllers\DeliveryManController.php", "PHP", 0, 0, 83, 0, 0, 0, 25, 18, 126
"c:\Users\Dell Latitude\Documents\coding_files\restaurant\app\Http\Controllers\OrderController.php", "PHP", 0, 0, 58, 0, 0, 0, 25, 11, 94
"c:\Users\Dell Latitude\Documents\coding_files\restaurant\app\Http\Controllers\ProductController.php", "PHP", 0, 0, 82, 0, 0, 0, 25, 20, 127
"c:\Users\Dell Latitude\Documents\coding_files\restaurant\app\Http\Controllers\TableController.php", "PHP", 0, 0, 53, 0, 0, 0, 23, 14, 90
"c:\Users\Dell Latitude\Documents\coding_files\restaurant\app\Http\Controllers\TestimonialController.php", "PHP", 0, 0, 29, 0, 0, 0, 27, 10, 66
"c:\Users\Dell Latitude\Documents\coding_files\restaurant\app\Http\Controllers\cartController.php", "PHP", 0, 0, 20, 0, 0, 0, 0, 3, 23
"c:\Users\Dell Latitude\Documents\coding_files\restaurant\app\Http\Controllers\userController.php", "PHP", 0, 0, 179, 0, 0, 0, 0, 15, 194
"c:\Users\Dell Latitude\Documents\coding_files\restaurant\app\Http\Kernel.php", "PHP", 0, 0, 41, 0, 0, 0, 21, 7, 69
"c:\Users\Dell Latitude\Documents\coding_files\restaurant\app\Http\Livewire\AdminNav.php", "PHP", 0, 0, 10, 0, 0, 0, 0, 4, 14
"c:\Users\Dell Latitude\Documents\coding_files\restaurant\app\Http\Livewire\AssignDeliveryMan.php", "PHP", 0, 0, 30, 0, 0, 0, 1, 12, 43
"c:\Users\Dell Latitude\Documents\coding_files\restaurant\app\Http\Livewire\Bill.php", "PHP", 0, 0, 21, 0, 0, 0, 0, 5, 26
"c:\Users\Dell Latitude\Documents\coding_files\restaurant\app\Http\Livewire\BookingsTable.php", "PHP", 0, 0, 18, 0, 0, 0, 0, 5, 23
"c:\Users\Dell Latitude\Documents\coding_files\restaurant\app\Http\Livewire\CartCount.php", "PHP", 0, 0, 19, 0, 0, 0, 0, 6, 25
"c:\Users\Dell Latitude\Documents\coding_files\restaurant\app\Http\Livewire\CartProduct.php", "PHP", 0, 0, 30, 0, 0, 0, 0, 5, 35
"c:\Users\Dell Latitude\Documents\coding_files\restaurant\app\Http\Livewire\CartProductsSpreader.php", "PHP", 0, 0, 25, 0, 0, 0, 0, 5, 30
"c:\Users\Dell Latitude\Documents\coding_files\restaurant\app\Http\Livewire\CategoriesTable.php", "PHP", 0, 0, 18, 0, 0, 0, 0, 5, 23
"c:\Users\Dell Latitude\Documents\coding_files\restaurant\app\Http\Livewire\CustomersTable.php", "PHP", 0, 0, 18, 0, 0, 0, 0, 5, 23
"c:\Users\Dell Latitude\Documents\coding_files\restaurant\app\Http\Livewire\DeliveryMenTable.php", "PHP", 0, 0, 17, 0, 0, 0, 0, 5, 22
"c:\Users\Dell Latitude\Documents\coding_files\restaurant\app\Http\Livewire\OrderProgress.php", "PHP", 0, 0, 10, 0, 0, 0, 0, 4, 14
"c:\Users\Dell Latitude\Documents\coding_files\restaurant\app\Http\Livewire\OrdersTable.php", "PHP", 0, 0, 67, 0, 0, 0, 1, 12, 80
"c:\Users\Dell Latitude\Documents\coding_files\restaurant\app\Http\Livewire\ProductCard.php", "PHP", 0, 0, 19, 0, 0, 0, 0, 5, 24
"c:\Users\Dell Latitude\Documents\coding_files\restaurant\app\Http\Livewire\ProductsSearch.php", "PHP", 0, 0, 29, 0, 0, 0, 0, 5, 34
"c:\Users\Dell Latitude\Documents\coding_files\restaurant\app\Http\Livewire\ProductsTable.php", "PHP", 0, 0, 18, 0, 0, 0, 0, 5, 23
"c:\Users\Dell Latitude\Documents\coding_files\restaurant\app\Http\Livewire\ProfileForm.php", "PHP", 0, 0, 74, 0, 0, 0, 3, 17, 94
"c:\Users\Dell Latitude\Documents\coding_files\restaurant\app\Http\Livewire\SessionListener.php", "PHP", 0, 0, 10, 0, 0, 0, 0, 4, 14
"c:\Users\Dell Latitude\Documents\coding_files\restaurant\app\Http\Livewire\TablesTable.php", "PHP", 0, 0, 18, 0, 0, 0, 0, 5, 23
"c:\Users\Dell Latitude\Documents\coding_files\restaurant\app\Http\Livewire\Test.php", "PHP", 0, 0, 59, 0, 0, 0, 1, 10, 70
"c:\Users\Dell Latitude\Documents\coding_files\restaurant\app\Http\Livewire\TestimonialsTable.php", "PHP", 0, 0, 18, 0, 0, 0, 0, 5, 23
"c:\Users\Dell Latitude\Documents\coding_files\restaurant\app\Http\Middleware\AdminMiddleware.php", "PHP", 0, 0, 15, 0, 0, 0, 6, 4, 25
"c:\Users\Dell Latitude\Documents\coding_files\restaurant\app\Http\Middleware\Authenticate.php", "PHP", 0, 0, 11, 0, 0, 0, 3, 4, 18
"c:\Users\Dell Latitude\Documents\coding_files\restaurant\app\Http\Middleware\EncryptCookies.php", "PHP", 0, 0, 8, 0, 0, 0, 6, 4, 18
"c:\Users\Dell Latitude\Documents\coding_files\restaurant\app\Http\Middleware\PreventRequestsDuringMaintenance.php", "PHP", 0, 0, 8, 0, 0, 0, 6, 4, 18
"c:\Users\Dell Latitude\Documents\coding_files\restaurant\app\Http\Middleware\RedirectIfAuthenticated.php", "PHP", 0, 0, 20, 0, 0, 0, 5, 6, 31
"c:\Users\Dell Latitude\Documents\coding_files\restaurant\app\Http\Middleware\TrimStrings.php", "PHP", 0, 0, 11, 0, 0, 0, 5, 4, 20
"c:\Users\Dell Latitude\Documents\coding_files\restaurant\app\Http\Middleware\TrustHosts.php", "PHP", 0, 0, 12, 0, 0, 0, 5, 4, 21
"c:\Users\Dell Latitude\Documents\coding_files\restaurant\app\Http\Middleware\TrustProxies.php", "PHP", 0, 0, 14, 0, 0, 0, 10, 5, 29
"c:\Users\Dell Latitude\Documents\coding_files\restaurant\app\Http\Middleware\ValidateSignature.php", "PHP", 0, 0, 8, 0, 0, 0, 11, 4, 23
"c:\Users\Dell Latitude\Documents\coding_files\restaurant\app\Http\Middleware\VerifyCsrfToken.php", "PHP", 0, 0, 8, 0, 0, 0, 6, 4, 18
"c:\Users\Dell Latitude\Documents\coding_files\restaurant\app\Models\Booking.php", "PHP", 0, 0, 24, 0, 0, 0, 0, 7, 31
"c:\Users\Dell Latitude\Documents\coding_files\restaurant\app\Models\Category.php", "PHP", 0, 0, 13, 0, 0, 0, 0, 6, 19
"c:\Users\Dell Latitude\Documents\coding_files\restaurant\app\Models\Inbox.php", "PHP", 0, 0, 15, 0, 0, 0, 0, 5, 20
"c:\Users\Dell Latitude\Documents\coding_files\restaurant\app\Models\Order.php", "PHP", 0, 0, 34, 0, 0, 0, 0, 9, 43
"c:\Users\Dell Latitude\Documents\coding_files\restaurant\app\Models\OrderProduct.php", "PHP", 0, 0, 18, 0, 0, 0, 0, 5, 23
"c:\Users\Dell Latitude\Documents\coding_files\restaurant\app\Models\Product.php", "PHP", 0, 0, 22, 0, 0, 0, 0, 9, 31
"c:\Users\Dell Latitude\Documents\coding_files\restaurant\app\Models\Table.php", "PHP", 0, 0, 14, 0, 0, 0, 0, 6, 20
"c:\Users\Dell Latitude\Documents\coding_files\restaurant\app\Models\Testimonial.php", "PHP", 0, 0, 8, 0, 0, 0, 0, 4, 12
"c:\Users\Dell Latitude\Documents\coding_files\restaurant\app\Models\TodaySpecials.php", "PHP", 0, 0, 12, 0, 0, 0, 0, 4, 16
"c:\Users\Dell Latitude\Documents\coding_files\restaurant\app\Models\User.php", "PHP", 0, 0, 34, 0, 0, 0, 16, 10, 60
"c:\Users\Dell Latitude\Documents\coding_files\restaurant\app\Providers\AppServiceProvider.php", "PHP", 0, 0, 12, 0, 0, 0, 8, 5, 25
"c:\Users\Dell Latitude\Documents\coding_files\restaurant\app\Providers\AuthServiceProvider.php", "PHP", 0, 0, 11, 0, 0, 0, 11, 5, 27
"c:\Users\Dell Latitude\Documents\coding_files\restaurant\app\Providers\BroadcastServiceProvider.php", "PHP", 0, 0, 12, 0, 0, 0, 3, 5, 20
"c:\Users\Dell Latitude\Documents\coding_files\restaurant\app\Providers\EventServiceProvider.php", "PHP", 0, 0, 21, 0, 0, 0, 12, 6, 39
"c:\Users\Dell Latitude\Documents\coding_files\restaurant\app\Providers\RouteServiceProvider.php", "PHP", 0, 0, 28, 0, 0, 0, 13, 8, 49
"c:\Users\Dell Latitude\Documents\coding_files\restaurant\app\View\Components\AdminSidebar.php", "PHP", 0, 0, 15, 0, 0, 0, 7, 5, 27
"c:\Users\Dell Latitude\Documents\coding_files\restaurant\app\View\Components\BarChart.php", "PHP", 0, 0, 17, 0, 0, 0, 3, 6, 26
"c:\Users\Dell Latitude\Documents\coding_files\restaurant\app\View\Components\Carousel.php", "PHP", 0, 0, 26, 0, 0, 0, 7, 5, 38
"c:\Users\Dell Latitude\Documents\coding_files\restaurant\app\View\Components\DashboardCard.php", "PHP", 0, 0, 19, 0, 0, 0, 3, 6, 28
"c:\Users\Dell Latitude\Documents\coding_files\restaurant\app\View\Components\DoughnutChart.php", "PHP", 0, 0, 17, 0, 0, 0, 3, 6, 26
"c:\Users\Dell Latitude\Documents\coding_files\restaurant\app\View\Components\Footer.php", "PHP", 0, 0, 15, 0, 0, 0, 7, 5, 27
"c:\Users\Dell Latitude\Documents\coding_files\restaurant\app\View\Components\Modal.php", "PHP", 0, 0, 17, 0, 0, 0, 6, 6, 29
"c:\Users\Dell Latitude\Documents\coding_files\restaurant\app\View\Components\Navbar.php", "PHP", 0, 0, 15, 0, 0, 0, 7, 5, 27
"c:\Users\Dell Latitude\Documents\coding_files\restaurant\app\View\Components\Spinner.php", "PHP", 0, 0, 15, 0, 0, 0, 7, 5, 27
"c:\Users\Dell Latitude\Documents\coding_files\restaurant\app\View\Components\Testimonials.php", "PHP", 0, 0, 15, 0, 0, 0, 7, 5, 27
"c:\Users\Dell Latitude\Documents\coding_files\restaurant\app\View\Components\banner.php", "PHP", 0, 0, 15, 0, 0, 0, 7, 5, 27
"c:\Users\Dell Latitude\Documents\coding_files\restaurant\app\View\Components\call-to-action.php", "PHP", 0, 0, 15, 0, 0, 0, 7, 5, 27
"c:\Users\Dell Latitude\Documents\coding_files\restaurant\app\View\Components\cart-products-spreader.php", "PHP", 0, 0, 15, 0, 0, 0, 7, 5, 27
"c:\Users\Dell Latitude\Documents\coding_files\restaurant\app\View\Components\cta.php", "PHP", 0, 0, 15, 0, 0, 0, 7, 5, 27
"c:\Users\Dell Latitude\Documents\coding_files\restaurant\app\View\Components\loader.php", "PHP", 0, 0, 15, 0, 0, 0, 7, 5, 27
"c:\Users\Dell Latitude\Documents\coding_files\restaurant\app\View\Components\nav.php", "PHP", 0, 0, 15, 0, 0, 0, 7, 5, 27
"c:\Users\Dell Latitude\Documents\coding_files\restaurant\app\View\Components\products-spreader.php", "PHP", 0, 0, 15, 0, 0, 0, 7, 5, 27
"c:\Users\Dell Latitude\Documents\coding_files\restaurant\app\View\Components\sectionsHeader.php", "PHP", 0, 0, 15, 0, 0, 0, 7, 5, 27
"c:\Users\Dell Latitude\Documents\coding_files\restaurant\app\View\Components\services.php", "PHP", 0, 0, 15, 0, 0, 0, 7, 5, 27
"c:\Users\Dell Latitude\Documents\coding_files\restaurant\app\helpers\functions.php", "PHP", 0, 0, 10, 0, 0, 0, 0, 1, 11
"c:\Users\Dell Latitude\Documents\coding_files\restaurant\bootstrap\app.php", "PHP", 0, 0, 18, 0, 0, 0, 30, 10, 58
"c:\Users\Dell Latitude\Documents\coding_files\restaurant\composer.json", "JSON", 0, 0, 0, 0, 70, 0, 0, 2, 72
"c:\Users\Dell Latitude\Documents\coding_files\restaurant\composer.lock", "JSON", 0, 0, 0, 0, 8416, 0, 0, 1, 8417
"c:\Users\Dell Latitude\Documents\coding_files\restaurant\config\app.php", "PHP", 0, 0, 48, 0, 0, 0, 134, 34, 216
"c:\Users\Dell Latitude\Documents\coding_files\restaurant\config\auth.php", "PHP", 0, 0, 28, 0, 0, 0, 74, 14, 116
"c:\Users\Dell Latitude\Documents\coding_files\restaurant\config\broadcasting.php", "PHP", 0, 0, 35, 0, 0, 0, 23, 13, 71
"c:\Users\Dell Latitude\Documents\coding_files\restaurant\config\cache.php", "PHP", 0, 0, 58, 0, 0, 0, 34, 19, 111
"c:\Users\Dell Latitude\Documents\coding_files\restaurant\config\cors.php", "PHP", 0, 0, 3, 0, 0, 0, 29, 3, 35
"c:\Users\Dell Latitude\Documents\coding_files\restaurant\config\database.php", "PHP", 0, 0, 83, 0, 0, 0, 47, 22, 152
"c:\Users\Dell Latitude\Documents\coding_files\restaurant\config\filesystems.php", "PHP", 0, 0, 39, 0, 0, 0, 32, 14, 85
"c:\Users\Dell Latitude\Documents\coding_files\restaurant\config\hashing.php", "PHP", 0, 0, 12, 0, 0, 0, 32, 9, 53
"c:\Users\Dell Latitude\Documents\coding_files\restaurant\config\logging.php", "PHP", 0, 0, 79, 0, 0, 0, 34, 19, 132
"c:\Users\Dell Latitude\Documents\coding_files\restaurant\config\mail.php", "PHP", 0, 0, 53, 0, 0, 0, 53, 19, 125
"c:\Users\Dell Latitude\Documents\coding_files\restaurant\config\queue.php", "PHP", 0, 0, 47, 0, 0, 0, 32, 15, 94
"c:\Users\Dell Latitude\Documents\coding_files\restaurant\config\sanctum.php", "PHP", 0, 0, 15, 0, 0, 0, 41, 12, 68
"c:\Users\Dell Latitude\Documents\coding_files\restaurant\config\services.php", "PHP", 0, 0, 17, 0, 0, 0, 11, 7, 35
"c:\Users\Dell Latitude\Documents\coding_files\restaurant\config\session.php", "PHP", 0, 0, 22, 0, 0, 0, 147, 33, 202
"c:\Users\Dell Latitude\Documents\coding_files\restaurant\config\view.php", "PHP", 0, 0, 10, 0, 0, 0, 20, 7, 37
"c:\Users\Dell Latitude\Documents\coding_files\restaurant\database\factories\UserFactory.php", "PHP", 0, 0, 25, 0, 0, 0, 11, 5, 41
"c:\Users\Dell Latitude\Documents\coding_files\restaurant\database\migrations\2014_10_12_000000_create_users_table.php", "PHP", 0, 0, 26, 0, 0, 0, 6, 4, 36
"c:\Users\Dell Latitude\Documents\coding_files\restaurant\database\migrations\2014_10_12_100000_create_password_reset_tokens_table.php", "PHP", 0, 0, 19, 0, 0, 0, 6, 4, 29
"c:\Users\Dell Latitude\Documents\coding_files\restaurant\database\migrations\2019_08_19_000000_create_failed_jobs_table.php", "PHP", 0, 0, 23, 0, 0, 0, 6, 4, 33
"c:\Users\Dell Latitude\Documents\coding_files\restaurant\database\migrations\2019_12_14_000001_create_personal_access_tokens_table.php", "PHP", 0, 0, 24, 0, 0, 0, 6, 4, 34
"c:\Users\Dell Latitude\Documents\coding_files\restaurant\database\migrations\2023_04_11_150534_create_categories_table.php", "PHP", 0, 0, 20, 0, 0, 0, 6, 4, 30
"c:\Users\Dell Latitude\Documents\coding_files\restaurant\database\migrations\2023_04_11_150608_create_products_table.php", "PHP", 0, 0, 24, 0, 0, 0, 6, 4, 34
"c:\Users\Dell Latitude\Documents\coding_files\restaurant\database\migrations\2023_04_12_164836_create_today_specials_table.php", "PHP", 0, 0, 20, 0, 0, 0, 6, 4, 30
"c:\Users\Dell Latitude\Documents\coding_files\restaurant\database\migrations\2023_04_14_170634_create_testimonials_table.php", "PHP", 0, 0, 21, 0, 0, 0, 6, 4, 31
"c:\Users\Dell Latitude\Documents\coding_files\restaurant\database\migrations\2023_04_15_150809_create_admins_table.php", "PHP", 0, 0, 18, 0, 0, 0, 6, 4, 28
"c:\Users\Dell Latitude\Documents\coding_files\restaurant\database\migrations\2023_04_16_011944_create_orders_table.php", "PHP", 0, 0, 25, 0, 0, 0, 6, 4, 35
"c:\Users\Dell Latitude\Documents\coding_files\restaurant\database\migrations\2023_04_16_122130_create_order_product_table.php", "PHP", 0, 0, 22, 0, 0, 0, 6, 4, 32
"c:\Users\Dell Latitude\Documents\coding_files\restaurant\database\migrations\2023_04_17_005929_create_tables_table.php", "PHP", 0, 0, 21, 0, 0, 0, 6, 4, 31
"c:\Users\Dell Latitude\Documents\coding_files\restaurant\database\migrations\2023_04_17_010354_create_bookings_table.php", "PHP", 0, 0, 28, 0, 0, 0, 6, 4, 38
"c:\Users\Dell Latitude\Documents\coding_files\restaurant\database\migrations\2023_04_17_170642_create_inboxes_table.php", "PHP", 0, 0, 22, 0, 0, 0, 6, 4, 32
"c:\Users\Dell Latitude\Documents\coding_files\restaurant\database\migrations\2023_04_22_060015_add_quantity_column_to_order_product_table.php", "PHP", 0, 0, 19, 0, 0, 0, 6, 4, 29
"c:\Users\Dell Latitude\Documents\coding_files\restaurant\database\migrations\2023_04_22_075806_add_delivery_type_column_to_orders_table.php", "PHP", 0, 0, 19, 0, 0, 0, 6, 4, 29
"c:\Users\Dell Latitude\Documents\coding_files\restaurant\database\seeders\DatabaseSeeder.php", "PHP", 0, 0, 10, 0, 0, 0, 8, 5, 23
"c:\Users\Dell Latitude\Documents\coding_files\restaurant\package.json", "JSON", 0, 0, 0, 0, 12, 0, 0, 1, 13
"c:\Users\Dell Latitude\Documents\coding_files\restaurant\phpunit.xml", "XML", 0, 0, 0, 0, 0, 29, 2, 1, 32
"c:\Users\Dell Latitude\Documents\coding_files\restaurant\public\css\admin-unauthenticated.css", "CSS", 0, 89, 0, 0, 0, 0, 2, 12, 103
"c:\Users\Dell Latitude\Documents\coding_files\restaurant\public\css\admin.css", "CSS", 0, 769, 0, 0, 0, 0, 20, 139, 928
"c:\Users\Dell Latitude\Documents\coding_files\restaurant\public\css\main.css", "CSS", 0, 1354, 0, 0, 0, 0, 29, 93, 1476
"c:\Users\Dell Latitude\Documents\coding_files\restaurant\public\css\modal.css", "CSS", 0, 36, 0, 0, 0, 0, 0, 6, 42
"c:\Users\Dell Latitude\Documents\coding_files\restaurant\public\index.php", "PHP", 0, 0, 14, 0, 0, 0, 30, 12, 56
"c:\Users\Dell Latitude\Documents\coding_files\restaurant\public\js\carousel.js", "JavaScript", 47, 0, 0, 0, 0, 0, 4, 6, 57
"c:\Users\Dell Latitude\Documents\coding_files\restaurant\public\js\charts.js", "JavaScript", 3, 0, 0, 0, 0, 0, 1, 0, 4
"c:\Users\Dell Latitude\Documents\coding_files\restaurant\public\js\dropdown.js", "JavaScript", 15, 0, 0, 0, 0, 0, 0, 1, 16
"c:\Users\Dell Latitude\Documents\coding_files\restaurant\public\js\modal.js", "JavaScript", 48, 0, 0, 0, 0, 0, 0, 14, 62
"c:\Users\Dell Latitude\Documents\coding_files\restaurant\public\js\swiper.js", "JavaScript", 13, 0, 0, 0, 0, 0, 4, 3, 20
"c:\Users\Dell Latitude\Documents\coding_files\restaurant\resources\css\app.css", "CSS", 0, 0, 0, 0, 0, 0, 0, 1, 1
"c:\Users\Dell Latitude\Documents\coding_files\restaurant\resources\js\app.js", "JavaScript", 1, 0, 0, 0, 0, 0, 0, 1, 2
"c:\Users\Dell Latitude\Documents\coding_files\restaurant\resources\js\bootstrap.js", "JavaScript", 3, 0, 0, 0, 0, 0, 23, 7, 33
"c:\Users\Dell Latitude\Documents\coding_files\restaurant\resources\views\admin\auth\login.blade.php", "PHP", 0, 0, 20, 0, 0, 0, 0, 4, 24
"c:\Users\Dell Latitude\Documents\coding_files\restaurant\resources\views\admin\auth\signup.blade.php", "PHP", 0, 0, 17, 0, 0, 0, 0, 3, 20
"c:\Users\Dell Latitude\Documents\coding_files\restaurant\resources\views\admin\booking\index.blade.php", "PHP", 0, 0, 13, 0, 0, 0, 0, 5, 18
"c:\Users\Dell Latitude\Documents\coding_files\restaurant\resources\views\admin\category\create.blade.php", "PHP", 0, 0, 45, 0, 0, 0, 0, 7, 52
"c:\Users\Dell Latitude\Documents\coding_files\restaurant\resources\views\admin\category\edit.blade.php", "PHP", 0, 0, 47, 0, 0, 0, 0, 7, 54
"c:\Users\Dell Latitude\Documents\coding_files\restaurant\resources\views\admin\category\index.blade.php", "PHP", 0, 0, 16, 0, 0, 0, 0, 4, 20
"c:\Users\Dell Latitude\Documents\coding_files\restaurant\resources\views\admin\customer\index.blade.php", "PHP", 0, 0, 13, 0, 0, 0, 0, 4, 17
"c:\Users\Dell Latitude\Documents\coding_files\restaurant\resources\views\admin\dashboard.blade.php", "PHP", 0, 0, 54, 0, 0, 0, 0, 12, 66
"c:\Users\Dell Latitude\Documents\coding_files\restaurant\resources\views\admin\delivery-man\create.blade.php", "PHP", 0, 0, 86, 0, 0, 0, 0, 7, 93
"c:\Users\Dell Latitude\Documents\coding_files\restaurant\resources\views\admin\delivery-man\edit.blade.php", "PHP", 0, 0, 66, 0, 0, 0, 0, 8, 74
"c:\Users\Dell Latitude\Documents\coding_files\restaurant\resources\views\admin\delivery-man\index.blade.php", "PHP", 0, 0, 16, 0, 0, 0, 0, 4, 20
"c:\Users\Dell Latitude\Documents\coding_files\restaurant\resources\views\admin\order\index.blade.php", "PHP", 0, 0, 13, 0, 0, 0, 0, 4, 17
"c:\Users\Dell Latitude\Documents\coding_files\restaurant\resources\views\admin\order\show.blade.php", "PHP", 0, 0, 86, 0, 0, 0, 0, 9, 95
"c:\Users\Dell Latitude\Documents\coding_files\restaurant\resources\views\admin\product\create.blade.php", "PHP", 0, 0, 105, 0, 0, 0, 4, 11, 120
"c:\Users\Dell Latitude\Documents\coding_files\restaurant\resources\views\admin\product\edit.blade.php", "PHP", 0, 0, 107, 0, 0, 0, 4, 11, 122
"c:\Users\Dell Latitude\Documents\coding_files\restaurant\resources\views\admin\product\index.blade.php", "PHP", 0, 0, 16, 0, 0, 0, 0, 2, 18
"c:\Users\Dell Latitude\Documents\coding_files\restaurant\resources\views\admin\table\create.blade.php", "PHP", 0, 0, 54, 0, 0, 0, 0, 7, 61
"c:\Users\Dell Latitude\Documents\coding_files\restaurant\resources\views\admin\table\edit.blade.php", "PHP", 0, 0, 55, 0, 0, 0, 0, 7, 62
"c:\Users\Dell Latitude\Documents\coding_files\restaurant\resources\views\admin\table\index.blade.php", "PHP", 0, 0, 16, 0, 0, 0, 0, 4, 20
"c:\Users\Dell Latitude\Documents\coding_files\restaurant\resources\views\admin\testimonials\index.blade.php", "PHP", 0, 0, 16, 0, 0, 0, 0, 4, 20
"c:\Users\Dell Latitude\Documents\coding_files\restaurant\resources\views\booking.blade.php", "PHP", 0, 0, 108, 0, 0, 0, 0, 9, 117
"c:\Users\Dell Latitude\Documents\coding_files\restaurant\resources\views\cart.blade.php", "PHP", 0, 0, 68, 0, 0, 0, 0, 11, 79
"c:\Users\Dell Latitude\Documents\coding_files\restaurant\resources\views\components\admin-sidebar.blade.php", "PHP", 0, 0, 53, 0, 0, 0, 0, 11, 64
"c:\Users\Dell Latitude\Documents\coding_files\restaurant\resources\views\components\banner.blade.php", "PHP", 0, 0, 3, 0, 0, 0, 0, 1, 4
"c:\Users\Dell Latitude\Documents\coding_files\restaurant\resources\views\components\bar-chart.blade.php", "PHP", 0, 0, 52, 0, 0, 0, 10, 10, 72
"c:\Users\Dell Latitude\Documents\coding_files\restaurant\resources\views\components\carousel.blade.php", "PHP", 0, 0, 32, 0, 0, 0, 0, 2, 34
"c:\Users\Dell Latitude\Documents\coding_files\restaurant\resources\views\components\cart-products-spreader.blade.php", "PHP", 0, 0, 0, 0, 0, 0, 0, 1, 1
"c:\Users\Dell Latitude\Documents\coding_files\restaurant\resources\views\components\cta.blade.php", "PHP", 0, 0, 47, 0, 0, 0, 0, 1, 48
"c:\Users\Dell Latitude\Documents\coding_files\restaurant\resources\views\components\dashboard-card.blade.php", "PHP", 0, 0, 13, 0, 0, 0, 0, 0, 13
"c:\Users\Dell Latitude\Documents\coding_files\restaurant\resources\views\components\doughnut-chart.blade.php", "PHP", 0, 0, 53, 0, 0, 0, 10, 15, 78
"c:\Users\Dell Latitude\Documents\coding_files\restaurant\resources\views\components\footer.blade.php", "PHP", 0, 0, 54, 0, 0, 0, 0, 1, 55
"c:\Users\Dell Latitude\Documents\coding_files\restaurant\resources\views\components\loader.blade.php", "PHP", 0, 0, 11, 0, 0, 0, 0, 1, 12
"c:\Users\Dell Latitude\Documents\coding_files\restaurant\resources\views\components\modal.blade.php", "PHP", 0, 0, 8, 0, 0, 0, 0, 1, 9
"c:\Users\Dell Latitude\Documents\coding_files\restaurant\resources\views\components\nav.blade.php", "PHP", 0, 0, 57, 0, 0, 0, 0, 5, 62
"c:\Users\Dell Latitude\Documents\coding_files\restaurant\resources\views\components\navbar.blade.php", "PHP", 0, 0, 106, 0, 0, 0, 0, 4, 110
"c:\Users\Dell Latitude\Documents\coding_files\restaurant\resources\views\components\products-spreader.blade.php", "PHP", 0, 0, 85, 0, 0, 0, 0, 7, 92
"c:\Users\Dell Latitude\Documents\coding_files\restaurant\resources\views\components\sections-header.blade.php", "PHP", 0, 0, 30, 0, 0, 0, 0, 1, 31
"c:\Users\Dell Latitude\Documents\coding_files\restaurant\resources\views\components\services.blade.php", "PHP", 0, 0, 47, 0, 0, 0, 0, 2, 49
"c:\Users\Dell Latitude\Documents\coding_files\restaurant\resources\views\components\spinner.blade.php", "PHP", 0, 0, 21, 0, 0, 0, 0, 2, 23
"c:\Users\Dell Latitude\Documents\coding_files\restaurant\resources\views\components\testimonials.blade.php", "PHP", 0, 0, 86, 0, 0, 0, 0, 8, 94
"c:\Users\Dell Latitude\Documents\coding_files\restaurant\resources\views\contact.blade.php", "PHP", 0, 0, 96, 0, 0, 0, 0, 11, 107
"c:\Users\Dell Latitude\Documents\coding_files\restaurant\resources\views\index.blade.php", "PHP", 0, 0, 67, 0, 0, 0, 0, 5, 72
"c:\Users\Dell Latitude\Documents\coding_files\restaurant\resources\views\layouts\admin-unauthenticated.blade.php", "PHP", 0, 0, 19, 0, 0, 0, 0, 1, 20
"c:\Users\Dell Latitude\Documents\coding_files\restaurant\resources\views\layouts\admin.blade.php", "PHP", 0, 0, 39, 0, 0, 0, 0, 6, 45
"c:\Users\Dell Latitude\Documents\coding_files\restaurant\resources\views\layouts\app.blade.php", "PHP", 0, 0, 21, 0, 0, 0, 0, 1, 22
"c:\Users\Dell Latitude\Documents\coding_files\restaurant\resources\views\livewire\admin-nav.blade.php", "PHP", 0, 0, 42, 0, 0, 0, 14, 10, 66
"c:\Users\Dell Latitude\Documents\coding_files\restaurant\resources\views\livewire\assign-delivery-man.blade.php", "PHP", 0, 0, 39, 0, 0, 0, 0, 4, 43
"c:\Users\Dell Latitude\Documents\coding_files\restaurant\resources\views\livewire\bill.blade.php", "PHP", 0, 0, 11, 0, 0, 0, 0, 1, 12
"c:\Users\Dell Latitude\Documents\coding_files\restaurant\resources\views\livewire\bookings-table.blade.php", "PHP", 0, 0, 46, 0, 0, 0, 0, 5, 51
"c:\Users\Dell Latitude\Documents\coding_files\restaurant\resources\views\livewire\cart-count.blade.php", "PHP", 0, 0, 1, 0, 0, 0, 0, 3, 4
"c:\Users\Dell Latitude\Documents\coding_files\restaurant\resources\views\livewire\cart-product.blade.php", "PHP", 0, 0, 16, 0, 0, 0, 0, 3, 19
"c:\Users\Dell Latitude\Documents\coding_files\restaurant\resources\views\livewire\cart-products-spreader.blade.php", "PHP", 0, 0, 15, 0, 0, 0, 0, 1, 16
"c:\Users\Dell Latitude\Documents\coding_files\restaurant\resources\views\livewire\categories-table.blade.php", "PHP", 0, 0, 53, 0, 0, 0, 0, 7, 60
"c:\Users\Dell Latitude\Documents\coding_files\restaurant\resources\views\livewire\customers-table.blade.php", "PHP", 0, 0, 38, 0, 0, 0, 0, 1, 39
"c:\Users\Dell Latitude\Documents\coding_files\restaurant\resources\views\livewire\delivery-men-table.blade.php", "PHP", 0, 0, 57, 0, 0, 0, 0, 3, 60
"c:\Users\Dell Latitude\Documents\coding_files\restaurant\resources\views\livewire\order-progress.blade.php", "PHP", 0, 0, 14, 0, 0, 0, 0, 1, 15
"c:\Users\Dell Latitude\Documents\coding_files\restaurant\resources\views\livewire\orders-table.blade.php", "PHP", 0, 0, 77, 0, 0, 0, 0, 3, 80
"c:\Users\Dell Latitude\Documents\coding_files\restaurant\resources\views\livewire\product-card.blade.php", "PHP", 0, 0, 12, 0, 0, 0, 0, 2, 14
"c:\Users\Dell Latitude\Documents\coding_files\restaurant\resources\views\livewire\products-search.blade.php", "PHP", 0, 0, 17, 0, 0, 0, 0, 1, 18
"c:\Users\Dell Latitude\Documents\coding_files\restaurant\resources\views\livewire\products-table.blade.php", "PHP", 0, 0, 55, 0, 0, 0, 0, 3, 58
"c:\Users\Dell Latitude\Documents\coding_files\restaurant\resources\views\livewire\profile-form.blade.php", "PHP", 0, 0, 79, 0, 0, 0, 0, 4, 83
"c:\Users\Dell Latitude\Documents\coding_files\restaurant\resources\views\livewire\session-listener.blade.php", "PHP", 0, 0, 11, 0, 0, 0, 0, 0, 11
"c:\Users\Dell Latitude\Documents\coding_files\restaurant\resources\views\livewire\tables-table.blade.php", "PHP", 0, 0, 53, 0, 0, 0, 0, 3, 56
"c:\Users\Dell Latitude\Documents\coding_files\restaurant\resources\views\livewire\test.blade.php", "PHP", 0, 0, 64, 0, 0, 0, 0, 1, 65
"c:\Users\Dell Latitude\Documents\coding_files\restaurant\resources\views\livewire\testimonials-table.blade.php", "PHP", 0, 0, 40, 0, 0, 0, 0, 1, 41
"c:\Users\Dell Latitude\Documents\coding_files\restaurant\resources\views\login.blade.php", "PHP", 0, 0, 40, 0, 0, 0, 0, 6, 46
"c:\Users\Dell Latitude\Documents\coding_files\restaurant\resources\views\myorders.blade.php", "PHP", 0, 0, 70, 0, 0, 0, 0, 8, 78
"c:\Users\Dell Latitude\Documents\coding_files\restaurant\resources\views\pagination-links.blade.php", "PHP", 0, 0, 27, 0, 0, 0, 0, 7, 34
"c:\Users\Dell Latitude\Documents\coding_files\restaurant\resources\views\products.blade.php", "PHP", 0, 0, 6, 0, 0, 0, 0, 1, 7
"c:\Users\Dell Latitude\Documents\coding_files\restaurant\resources\views\signup.blade.php", "PHP", 0, 0, 92, 0, 0, 0, 0, 4, 96
"c:\Users\Dell Latitude\Documents\coding_files\restaurant\routes\api.php", "PHP", 0, 0, 6, 0, 0, 0, 10, 4, 20
"c:\Users\Dell Latitude\Documents\coding_files\restaurant\routes\channels.php", "PHP", 0, 0, 5, 0, 0, 0, 10, 4, 19
"c:\Users\Dell Latitude\Documents\coding_files\restaurant\routes\console.php", "PHP", 0, 0, 6, 0, 0, 0, 10, 4, 20
"c:\Users\Dell Latitude\Documents\coding_files\restaurant\routes\web.php", "PHP", 0, 0, 41, 0, 0, 0, 12, 10, 63
"c:\Users\Dell Latitude\Documents\coding_files\restaurant\tests\CreatesApplication.php", "PHP", 0, 0, 13, 0, 0, 0, 3, 6, 22
"c:\Users\Dell Latitude\Documents\coding_files\restaurant\tests\Feature\ExampleTest.php", "PHP", 0, 0, 11, 0, 0, 0, 4, 5, 20
"c:\Users\Dell Latitude\Documents\coding_files\restaurant\tests\TestCase.php", "PHP", 0, 0, 7, 0, 0, 0, 0, 4, 11
"c:\Users\Dell Latitude\Documents\coding_files\restaurant\tests\Unit\ExampleTest.php", "PHP", 0, 0, 10, 0, 0, 0, 3, 4, 17
"c:\Users\Dell Latitude\Documents\coding_files\restaurant\vendor\spatie\ignition\resources\compiled\ignition.css", "CSS", 0, 1, 0, 0, 0, 0, 2, 0, 3
"c:\Users\Dell Latitude\Documents\coding_files\restaurant\vendor\spatie\ignition\resources\compiled\ignition.js", "JavaScript", 6, 0, 0, 0, 0, 0, 0, 1, 7
"c:\Users\Dell Latitude\Documents\coding_files\restaurant\vite.config.js", "JavaScript", 10, 0, 0, 0, 0, 0, 0, 2, 12
"Total", "-", 146, 2249, 6117, 45, 8498, 29, 1608, 1551, 20243